Time,FeelsLike F,HeatIndex F,Humidity RH%,Temperature F,WindChill F,WindHeading,WindSpeedMph
2023-05-19 23:44:48,66,66,77,66.4,66,SE,0
2023-05-19 23:45:28,66,66,78,66.4,66,SE,0
2023-05-19 23:48:30,66,66,78,66.2,66,SE,1
2023-05-19 23:49:02,66,66,78,66.4,66,SE,0
2023-05-19 23:50:38,66,66,78,66.2,66,S,1
2023-05-19 23:51:11,66,66,78,66.4,66,S,0
2023-05-19 23:52:52,66,66,78,66.2,66,W,1
2023-05-19 23:56:03,66,66,78,66.2,66,S,1
2023-05-19 23:56:50,66,66,78,66.2,66,SW,0
2023-05-20 00:00:05,66,66,78,66.2,66,W,0
2023-05-20 00:00:42,66,66,78,66.2,66,NE,1
2023-05-20 00:01:05,66,66,78,66.2,66,E,0
2023-05-20 00:02:07,66,66,78,66.2,66,NW,2
2023-05-20 00:02:40,66,66,78,66.2,66,NE,1
2023-05-20 00:03:13,66,66,78,66.2,66,NE,0
2023-05-20 00:05:01,66,66,78,66.2,66,S,1
2023-05-20 00:05:47,66,66,78,66.2,66,S,0
2023-05-20 00:07:21,66,66,79,66.2,66,SW,1
2023-05-20 00:10:01,66,66,79,66.2,66,SW,0
2023-05-20 00:11:02,66,66,79,66.2,66,S,1
2023-05-20 00:13:08,66,66,79,66.0,66,E,0
2023-05-20 00:13:46,66,66,78,66.2,66,E,0
2023-05-20 00:14:15,66,66,79,66.0,66,SE,0
2023-05-20 00:16:20,66,66,79,66.0,66,NE,1
2023-05-20 00:16:55,66,66,79,66.0,66,E,0
2023-05-20 00:20:02,66,66,79,66.0,66,NE,1
2023-05-20 00:20:29,66,66,79,66.0,66,SE,0
2023-05-20 00:21:34,66,66,79,66.0,66,N,1
2023-05-20 00:22:06,66,66,79,66.0,66,NE,1
2023-05-20 00:23:03,66,66,79,66.0,66,E,0
2023-05-20 00:27:02,66,66,79,66.0,66,E,0
2023-05-20 00:29:25,66,66,79,66.0,66,SW,0
2023-05-20 00:32:33,66,66,79,66.0,66,SW,0
2023-05-20 00:35:44,66,66,79,66.0,66,S,0
2023-05-20 00:36:15,66,66,80,66.0,66,SW,1
2023-05-20 00:36:47,66,66,80,66.0,66,SW,0
2023-05-20 00:37:19,66,66,80,66.0,66,N,1
2023-05-20 00:37:54,66,66,80,66.0,66,W,0
2023-05-20 00:40:29,66,66,80,66.0,66,S,1
2023-05-20 00:41:31,66,66,80,66.0,66,SE,0
2023-05-20 00:43:10,66,66,80,65.8,66,E,1
2023-05-20 00:43:38,66,66,80,65.8,66,E,0
2023-05-20 00:44:07,66,66,80,65.8,66,NE,1
2023-05-20 00:45:45,66,66,79,65.8,66,NE,2
2023-05-20 00:47:05,66,66,79,65.8,66,E,0
2023-05-20 00:48:21,66,66,79,65.8,66,NE,2
2023-05-20 00:49:21,66,66,79,65.8,66,NE,1
2023-05-20 00:49:59,66,66,79,65.8,66,E,0
2023-05-20 00:51:03,66,66,79,65.7,66,E,1
2023-05-20 00:52:31,66,66,80,65.7,66,W,2
2023-05-20 00:53:02,66,66,80,65.7,66,W,0
2023-05-20 00:53:34,66,66,80,65.7,66,NE,1
2023-05-20 00:54:05,66,66,79,65.7,66,NW,2
2023-05-20 00:54:36,66,66,79,65.7,66,NE,3
2023-05-20 00:56:05,66,66,79,65.7,66,E,3
2023-05-20 00:56:45,66,66,79,65.7,66,E,0
2023-05-20 00:57:47,66,66,79,65.7,66,E,1
2023-05-20 00:58:19,66,66,79,65.7,66,E,0
2023-05-20 00:58:54,66,66,80,65.7,66,E,0
2023-05-20 01:02:27,66,66,80,65.7,66,E,0
2023-05-20 01:04:59,66,66,80,65.7,66,NW,1
2023-05-20 01:06:43,65,65,79,65.5,65,NE,1
2023-05-20 01:07:21,65,65,80,65.5,65,NE,2
2023-05-20 01:08:08,65,65,79,65.5,65,NE,2
2023-05-20 01:08:53,65,65,80,65.5,65,SW,0
2023-05-20 01:09:26,65,65,80,65.5,65,S,1
2023-05-20 01:10:20,65,65,80,65.5,65,S,0
2023-05-20 01:10:56,65,65,80,65.5,65,N,2
2023-05-20 01:11:29,65,65,80,65.5,65,NE,1
2023-05-20 01:12:00,65,65,80,65.5,65,N,2
2023-05-20 01:12:31,65,65,80,65.5,65,E,0
2023-05-20 01:13:37,65,65,80,65.5,65,SW,2
2023-05-20 01:13:49,65,65,81,65.5,65,S,3
2023-05-20 01:14:35,65,65,81,65.5,65,NE,0
2023-05-20 01:15:12,65,65,81,65.5,65,W,1
2023-05-20 01:16:11,66,66,81,65.7,66,S,1
2023-05-20 01:16:39,66,66,81,65.7,66,W,1
2023-05-20 01:17:47,65,65,81,65.5,65,NE,2
2023-05-20 01:18:25,65,65,81,65.5,65,E,2
2023-05-20 01:18:30,65,65,81,65.5,65,E,0
2023-05-20 01:19:56,65,65,81,65.5,65,E,1
2023-05-20 01:21:00,65,65,81,65.3,65,S,2
2023-05-20 01:21:40,65,65,81,65.5,65,W,0
2023-05-20 01:22:29,65,65,81,65.5,65,NE,1
2023-05-20 01:24:02,65,65,81,65.3,65,E,1
2023-05-20 01:24:35,65,65,81,65.3,65,E,0
2023-05-20 01:25:11,65,65,80,65.3,65,E,0
2023-05-20 01:25:37,65,65,80,65.3,65,NE,1
2023-05-20 01:27:02,65,65,80,65.3,65,N,3
2023-05-20 01:27:07,65,65,80,65.3,65,NE,2
2023-05-20 01:27:12,65,65,80,65.3,65,E,1
2023-05-20 01:29:49,65,65,80,65.3,65,E,1
2023-05-20 01:30:19,65,65,80,65.3,65,E,0
2023-05-20 01:31:32,65,65,80,65.3,65,S,1
2023-05-20 01:31:39,65,65,81,65.1,65,SW,1
2023-05-20 01:32:56,65,65,81,65.3,65,S,0
2023-05-20 01:34:01,65,65,81,65.1,65,S,1
2023-05-20 01:34:30,65,65,81,65.1,65,NE,1
2023-05-20 01:35:04,65,65,81,65.1,65,E,0
2023-05-20 01:36:39,65,65,81,65.1,65,NE,3
2023-05-20 01:37:11,65,65,81,65.1,65,E,0
2023-05-20 01:38:53,65,65,81,65.1,65,SW,2
2023-05-20 01:39:02,65,65,81,65.1,65,S,1
2023-05-20 01:39:46,65,65,81,65.1,65,NE,0
2023-05-20 01:40:23,65,65,81,65.1,65,NW,1
2023-05-20 01:41:03,65,65,81,64.9,65,NE,2
2023-05-20 01:41:54,65,65,81,65.1,65,NE,1
2023-05-20 01:44:35,65,65,81,64.9,65,E,0
2023-05-20 01:45:02,65,65,81,64.9,65,NE,1
2023-05-20 01:45:33,65,65,81,64.9,65,E,0
2023-05-20 01:48:10,65,65,81,64.9,65,NE,1
2023-05-20 01:48:41,65,65,81,64.9,65,NE,3
2023-05-20 01:49:14,65,65,81,64.9,65,S,2
2023-05-20 01:49:49,65,65,81,64.9,65,SW,0
2023-05-20 01:51:24,65,65,81,64.9,65,NE,3
2023-05-20 01:51:54,65,65,81,64.9,65,SE,1
2023-05-20 01:52:21,65,65,81,64.9,65,S,0
2023-05-20 01:55:33,65,65,81,64.9,65,SW,0
2023-05-20 01:57:43,65,65,82,64.9,65,SE,1
2023-05-20 01:58:09,65,65,82,64.9,65,S,0
2023-05-20 02:00:53,65,65,82,64.8,65,S,2
2023-05-20 02:01:19,65,65,82,64.8,65,SW,1
2023-05-20 02:01:54,65,65,82,64.8,65,SW,0
2023-05-20 02:02:24,65,65,82,64.8,65,SE,2
2023-05-20 02:02:52,65,65,83,64.8,65,SE,1
2023-05-20 02:03:24,65,65,83,64.8,65,E,0
2023-05-20 02:06:42,65,65,83,64.8,65,W,0
2023-05-20 02:07:36,65,65,82,64.8,65,SW,0
2023-05-20 02:08:10,65,65,83,64.8,65,S,1
2023-05-20 02:08:41,65,65,83,64.9,65,SW,1
2023-05-20 02:09:18,65,65,83,64.8,65,SW,1
2023-05-20 02:12:50,65,65,83,64.8,65,SW,0
2023-05-20 02:13:23,65,65,83,64.8,65,NE,1
2023-05-20 02:13:56,65,65,82,64.8,65,N,1
2023-05-20 02:14:30,65,65,82,64.8,65,NE,2
2023-05-20 02:14:58,65,65,82,64.8,65,W,0
2023-05-20 02:17:05,65,65,82,64.6,65,E,1
2023-05-20 02:17:34,65,65,82,64.6,65,NE,0
2023-05-20 02:19:10,65,65,82,64.6,65,N,2
2023-05-20 02:19:45,65,65,82,64.6,65,NW,2
2023-05-20 02:20:18,65,65,81,64.6,65,NW,1
2023-05-20 02:22:18,65,65,81,64.6,65,E,0
2023-05-20 02:25:31,65,65,82,64.6,65,S,1
2023-05-20 02:29:03,65,65,82,64.6,65,SE,0
2023-05-20 02:32:05,64,64,82,64.4,64,SE,0
2023-05-20 02:33:20,64,64,83,64.4,64,S,1
2023-05-20 02:33:54,64,64,83,64.4,64,S,1
2023-05-20 02:34:24,64,64,83,64.4,64,S,0
2023-05-20 02:35:08,64,64,83,64.4,64,SW,1
2023-05-20 02:36:29,64,64,83,64.4,64,E,0
2023-05-20 02:37:30,64,64,82,64.4,64,SE,0
2023-05-20 02:39:07,64,64,82,64.4,64,NE,1
2023-05-20 02:39:38,64,64,82,64.4,64,E,1
2023-05-20 02:40:19,64,64,83,64.2,64,S,1
2023-05-20 02:40:23,64,64,83,64.2,64,S,2
2023-05-20 02:41:04,64,64,83,64.2,64,S,0
2023-05-20 02:44:09,64,64,83,64.2,64,SW,0
2023-05-20 02:47:30,64,64,83,64.2,64,SW,0
2023-05-20 02:48:32,64,64,83,64.2,64,W,1
2023-05-20 02:49:35,64,64,83,64.2,64,N,1
2023-05-20 02:50:06,64,64,83,64.2,64,N,0
2023-05-20 02:52:54,64,64,83,64.2,64,NW,1
2023-05-20 02:52:58,64,64,83,64.2,64,SW,0
2023-05-20 02:53:49,64,64,83,64.2,64,SE,1
2023-05-20 02:54:19,64,64,83,64.2,64,SE,0
2023-05-20 02:56:58,64,64,83,64.2,64,NE,1
2023-05-20 02:57:32,64,64,83,64.2,64,W,1
2023-05-20 02:58:01,64,64,83,64.2,64,NE,0
2023-05-20 02:58:42,64,64,83,64.0,64,NE,1
2023-05-20 03:00:06,64,64,83,64.2,64,NW,0
2023-05-20 03:03:16,64,64,83,64.0,64,SW,0
2023-05-20 03:04:53,64,64,84,64.0,64,S,0
2023-05-20 03:05:55,64,64,84,64.0,64,N,1
2023-05-20 03:06:26,64,64,84,64.0,64,SE,0
2023-05-20 03:06:55,64,64,84,64.0,64,S,1
2023-05-20 03:07:28,64,64,84,64.0,64,S,0
2023-05-20 03:08:37,64,64,84,64.0,64,SW,1
2023-05-20 03:09:01,64,64,84,64.0,64,S,0
2023-05-20 03:10:36,64,64,84,64.0,64,SW,1
2023-05-20 03:11:16,64,64,84,64.0,64,S,0
2023-05-20 03:14:04,64,64,84,64.0,64,E,1
2023-05-20 03:14:49,64,64,84,64.0,64,W,0
2023-05-20 03:15:51,64,64,84,64.0,64,E,1
2023-05-20 03:16:30,64,64,84,64.0,64,SE,0
2023-05-20 03:19:33,64,64,84,64.0,64,E,0
2023-05-20 03:22:47,64,64,84,64.0,64,E,0
2023-05-20 03:25:19,64,64,84,64.0,64,NW,1
2023-05-20 03:27:00,64,64,84,64.0,64,SW,0
2023-05-20 03:29:05,64,64,84,64.0,64,SW,0
2023-05-20 03:29:31,64,64,83,64.0,64,SW,0
2023-05-20 03:30:02,64,64,84,64.0,64,SW,0
2023-05-20 03:31:35,64,64,84,63.9,64,SW,0
2023-05-20 03:32:11,64,64,84,64.0,64,SW,2
2023-05-20 03:32:39,64,64,84,63.9,64,W,1
2023-05-20 03:33:09,64,64,84,63.9,64,SW,0
2023-05-20 03:34:13,64,64,84,63.9,64,S,1
2023-05-20 03:34:50,64,64,84,63.9,64,SW,1
2023-05-20 03:34:57,64,64,84,63.9,64,SW,0
2023-05-20 03:38:27,64,64,84,63.9,64,NE,1
2023-05-20 03:41:34,64,64,84,63.9,64,NW,1
2023-05-20 03:42:06,64,64,84,63.9,64,E,1
2023-05-20 03:42:37,64,64,84,63.9,64,S,0
2023-05-20 03:45:51,64,64,83,63.9,64,NE,2
2023-05-20 03:46:16,64,64,83,63.9,64,NE,1
2023-05-20 03:46:51,64,64,83,63.9,64,E,0
2023-05-20 03:47:53,64,64,84,63.9,64,SW,0
2023-05-20 03:50:59,64,64,84,63.9,64,W,1
2023-05-20 03:52:04,64,64,84,63.9,64,W,0
2023-05-20 03:52:34,64,64,84,63.9,64,NE,1
2023-05-20 03:53:01,64,64,84,63.9,64,E,0
2023-05-20 03:53:38,64,64,84,63.9,64,S,1
2023-05-20 03:54:09,64,64,84,63.9,64,E,0
2023-05-20 03:57:19,64,64,84,63.9,64,SE,2
2023-05-20 03:57:51,64,64,84,63.9,64,E,1
2023-05-20 03:58:22,64,64,84,63.9,64,SE,0
2023-05-20 04:01:34,64,64,84,63.9,64,SE,0
2023-05-20 04:04:09,64,64,84,63.9,64,NE,1
2023-05-20 04:05:42,64,64,84,63.9,64,NE,0
2023-05-20 04:08:52,64,64,84,63.9,64,SE,0
2023-05-20 04:09:55,64,64,84,63.9,64,NW,1
2023-05-20 04:10:27,64,64,84,63.7,64,SW,1
2023-05-20 04:11:30,64,64,85,63.7,64,S,1
2023-05-20 04:12:04,64,64,85,63.7,64,S,2
2023-05-20 04:12:33,64,64,85,63.7,64,W,1
2023-05-20 04:13:05,64,64,85,63.7,64,W,0
2023-05-20 04:16:13,64,64,85,63.7,64,SW,0
2023-05-20 04:17:02,64,64,85,63.7,64,E,1
2023-05-20 04:17:47,64,64,84,63.7,64,E,0
2023-05-20 04:20:58,64,64,84,63.7,64,SW,0
2023-05-20 04:24:09,64,64,84,63.7,64,E,0
2023-05-20 04:27:19,64,64,84,63.7,64,S,0
2023-05-20 04:30:26,64,64,84,63.7,64,W,0
2023-05-20 04:33:34,64,64,84,63.7,64,SW,0
2023-05-20 04:34:36,64,64,84,63.7,64,NE,1
2023-05-20 04:35:41,64,64,84,63.7,64,NE,0
2023-05-20 04:38:46,64,64,84,63.7,64,E,0
2023-05-20 04:41:59,64,64,84,63.7,64,E,0
2023-05-20 04:45:09,64,64,84,63.7,64,SE,0
2023-05-20 04:45:21,64,64,85,63.7,64,SE,1
2023-05-20 04:46:13,64,64,85,63.7,64,SW,0
2023-05-20 04:49:21,64,64,85,63.7,64,E,0
2023-05-20 04:50:02,64,64,84,63.5,64,E,0
2023-05-20 04:51:28,64,64,85,63.5,64,S,1
2023-05-20 04:51:58,64,64,85,63.5,64,S,0
2023-05-20 04:55:06,64,64,85,63.5,64,S,0
2023-05-20 04:58:14,64,64,85,63.5,64,S,0
2023-05-20 05:01:26,64,64,85,63.5,64,NW,1
2023-05-20 05:03:04,64,64,85,63.5,64,W,0
2023-05-20 05:06:05,64,64,85,63.5,64,W,1
2023-05-20 05:06:38,64,64,85,63.5,64,W,0
2023-05-20 05:09:50,64,64,85,63.5,64,SW,0
2023-05-20 05:12:57,64,64,85,63.5,64,SW,0
2023-05-20 05:16:06,64,64,85,63.5,64,SW,0
2023-05-20 05:19:18,64,64,85,63.7,64,SW,0
2023-05-20 05:22:29,64,64,85,63.5,64,SW,0
2023-05-20 05:26:03,64,64,85,63.5,64,SW,0
2023-05-20 05:29:10,64,64,85,63.5,64,SW,1
2023-05-20 05:30:49,64,64,85,63.5,64,S,0
2023-05-20 05:31:55,64,64,85,63.5,64,NE,1
2023-05-20 05:33:30,64,64,85,63.7,64,E,0
2023-05-20 05:33:54,64,64,84,63.5,64,N,0
2023-05-20 05:34:26,64,64,84,63.5,64,E,1
2023-05-20 05:35:06,64,64,84,63.7,64,E,0
2023-05-20 05:38:08,64,64,84,63.5,64,E,0
2023-05-20 05:41:46,64,64,84,63.5,64,E,0
2023-05-20 05:43:23,64,64,84,63.5,64,NE,1
2023-05-20 05:44:10,64,64,84,63.5,64,NE,2
2023-05-20 05:44:12,64,64,84,63.5,64,E,0
2023-05-20 05:47:37,64,64,84,63.5,64,N,0
2023-05-20 05:50:43,64,64,84,63.5,64,NW,0
2023-05-20 05:51:17,64,64,84,63.5,64,W,1
2023-05-20 05:51:45,64,64,84,63.5,64,W,0
2023-05-20 05:54:57,64,64,84,63.5,64,SW,0
2023-05-20 05:58:05,64,64,84,63.5,64,SW,0
2023-05-20 06:01:17,64,64,84,63.5,64,W,0
2023-05-20 06:04:23,64,64,84,63.5,64,W,0
2023-05-20 06:07:36,64,64,84,63.5,64,W,0
2023-05-20 06:09:06,64,64,85,63.5,64,W,0
2023-05-20 06:11:04,64,64,84,63.5,64,W,0
2023-05-20 06:11:45,64,64,85,63.5,64,W,0
2023-05-20 06:14:58,64,64,85,63.5,64,W,0
2023-05-20 06:15:27,64,64,84,63.5,64,W,0
2023-05-20 06:15:55,64,64,85,63.5,64,W,0
2023-05-20 06:19:05,64,64,85,63.5,64,SW,0
2023-05-20 06:22:14,64,64,85,63.5,64,SW,0
2023-05-20 06:25:59,64,64,85,63.5,64,SW,0
2023-05-20 06:28:33,64,64,85,63.5,64,SW,0
2023-05-20 06:31:45,64,64,85,63.5,64,SW,0
2023-05-20 06:34:58,64,64,85,63.5,64,SW,0
2023-05-20 06:38:03,64,64,85,63.5,64,SW,0
2023-05-20 06:44:02,64,64,85,63.5,64,SW,0
2023-05-20 06:50:33,64,64,85,63.5,64,SW,0
2023-05-20 06:53:43,64,64,85,63.5,64,SW,0
2023-05-20 06:56:53,64,64,85,63.5,64,SW,0
2023-05-20 07:00:02,64,64,85,63.5,64,SW,0
2023-05-20 07:03:09,64,64,85,63.5,64,SW,0
2023-05-20 07:06:18,64,64,85,63.5,64,W,0
2023-05-20 07:09:29,64,64,85,63.7,64,SW,0
2023-05-20 07:12:10,64,64,85,63.7,64,SW,1
2023-05-20 07:12:41,64,64,85,63.5,64,S,0
2023-05-20 07:15:46,64,64,85,63.7,64,S,0
2023-05-20 07:19:01,64,64,85,63.7,64,SW,0
2023-05-20 07:22:03,64,64,85,63.7,64,SW,0
2023-05-20 07:26:01,64,64,85,63.7,64,S,0
2023-05-20 07:28:21,64,64,85,63.7,64,SW,0
2023-05-20 07:31:31,64,64,85,63.7,64,SW,0
2023-05-20 07:34:46,64,64,85,63.7,64,SW,0
2023-05-20 07:37:54,64,64,85,63.7,64,W,0
2023-05-20 07:50:07,64,64,85,63.7,64,SW,0
2023-05-20 07:53:32,64,64,85,63.7,64,SW,0
2023-05-20 07:56:46,64,64,85,63.7,64,W,0
2023-05-20 07:59:54,64,64,85,63.7,64,S,0
2023-05-20 08:01:28,64,64,85,63.7,64,S,2
2023-05-20 08:02:01,64,64,85,63.7,64,SW,0
2023-05-20 08:03:02,64,64,86,63.9,64,SW,0
2023-05-20 08:03:35,64,64,85,63.9,64,SW,0
2023-05-20 08:04:38,64,64,86,63.9,64,SW,0
2023-05-20 08:06:40,64,64,85,63.9,64,SW,0
2023-05-20 08:09:49,64,64,85,63.9,64,S,2
2023-05-20 08:10:21,64,64,86,63.9,64,SW,1
2023-05-20 08:11:29,64,64,86,63.9,64,SW,0
2023-05-20 08:14:36,64,64,86,63.9,64,S,0
2023-05-20 08:15:06,64,64,86,63.9,64,SW,1
2023-05-20 08:15:38,64,64,86,63.9,64,SE,0
2023-05-20 08:16:39,64,64,85,63.9,64,E,0
2023-05-20 08:20:03,64,64,85,63.9,64,SE,0
2023-05-20 08:20:10,64,64,86,63.9,64,SE,1
2023-05-20 08:21:23,64,64,86,63.9,64,S,0
2023-05-20 08:21:56,64,64,85,63.9,64,S,0
2023-05-20 08:26:04,64,64,85,64.0,64,S,0
2023-05-20 08:28:13,64,64,85,64.0,64,SW,0
2023-05-20 08:30:53,64,64,85,64.0,64,SW,1
2023-05-20 08:32:57,64,64,85,64.2,64,S,0
2023-05-20 08:35:05,64,64,85,64.2,64,S,1
2023-05-20 08:35:35,64,64,85,64.2,64,S,0
2023-05-20 08:36:39,64,64,85,64.2,64,NW,1
2023-05-20 08:38:42,64,64,84,64.4,64,E,0
2023-05-20 08:39:45,64,64,85,64.4,64,W,0
2023-05-20 08:40:17,64,64,84,64.4,64,W,0
2023-05-20 08:40:59,65,65,84,64.6,65,NE,0
2023-05-20 08:41:04,65,65,84,64.6,65,E,1
2023-05-20 08:42:26,64,64,84,64.4,64,SE,1
2023-05-20 08:42:54,64,64,84,64.4,64,S,2
2023-05-20 08:44:00,64,64,84,64.4,64,S,0
2023-05-20 08:44:36,64,64,84,64.4,64,SW,1
2023-05-20 08:46:35,65,65,84,64.6,65,S,0
2023-05-20 08:49:13,65,65,84,64.6,65,SW,0
2023-05-20 08:50:46,65,65,84,64.6,65,S,2
2023-05-20 08:52:32,65,65,84,64.6,65,SE,1
2023-05-20 08:54:29,65,65,84,64.6,65,SW,0
2023-05-20 08:55:04,65,65,84,64.6,65,W,1
2023-05-20 08:55:34,65,65,84,64.8,65,W,0
2023-05-20 08:58:07,65,65,84,64.8,65,SW,1
2023-05-20 09:02:00,65,65,84,64.8,65,SE,0
2023-05-20 09:02:05,65,65,84,64.8,65,S,1
2023-05-20 09:03:00,65,65,84,64.9,65,S,0
2023-05-20 09:06:03,65,65,84,64.9,65,SW,0
2023-05-20 09:06:33,65,65,83,64.9,65,S,0
2023-05-20 09:08:37,65,65,83,64.9,65,E,1
2023-05-20 09:09:41,65,65,83,64.8,65,S,2
2023-05-20 09:10:14,65,65,83,64.8,65,S,0
2023-05-20 09:13:26,65,65,83,64.8,65,S,0
2023-05-20 09:16:30,65,65,83,64.9,65,SW,0
2023-05-20 09:17:00,65,65,83,64.9,65,SW,1
2023-05-20 09:17:34,65,65,83,64.9,65,SW,0
2023-05-20 09:20:42,65,65,83,64.9,65,SW,0
2023-05-20 09:23:55,65,65,83,64.9,65,W,0
2023-05-20 09:26:07,65,65,83,64.9,65,S,1
2023-05-20 09:26:11,65,65,83,64.9,65,SE,0
2023-05-20 09:27:02,65,65,83,64.8,65,SE,0
2023-05-20 09:30:16,65,65,83,64.9,65,SE,0
2023-05-20 09:33:22,65,65,83,64.9,65,SW,0
2023-05-20 09:36:31,65,65,83,64.9,65,SW,0
2023-05-20 09:39:39,65,65,83,65.1,65,W,0
2023-05-20 09:42:47,65,65,83,65.1,65,W,0
2023-05-20 09:45:27,65,65,83,64.9,65,W,1
2023-05-20 09:45:55,65,65,83,64.9,65,SW,0
2023-05-20 09:49:04,65,65,83,64.9,65,W,0
2023-05-20 09:52:17,65,65,83,65.1,65,SW,0
2023-05-20 09:53:04,65,65,83,65.1,65,NE,1
2023-05-20 09:53:47,65,65,83,65.1,65,E,1
2023-05-20 09:54:25,65,65,83,65.1,65,SE,0
2023-05-20 09:57:34,65,65,83,65.5,65,E,0
2023-05-20 09:59:40,66,66,83,65.7,66,E,1
2023-05-20 10:00:07,66,66,83,65.7,66,E,0
2023-05-20 10:01:51,66,66,83,65.8,66,E,1
2023-05-20 10:03:46,66,66,83,66.0,66,E,0
2023-05-20 10:05:52,66,66,82,66.0,66,S,1
2023-05-20 10:06:26,66,66,82,66.0,66,SE,0
2023-05-20 10:08:09,66,66,82,66.0,66,E,1
2023-05-20 10:08:13,66,66,82,66.0,66,E,0
2023-05-20 10:09:36,66,66,82,65.8,66,NE,1
2023-05-20 10:10:41,66,66,82,65.8,66,SE,0
2023-05-20 10:13:51,66,66,82,65.8,66,W,0
2023-05-20 10:14:47,65,65,81,65.5,65,SW,0
2023-05-20 10:15:50,66,66,82,65.7,66,SW,0
2023-05-20 10:16:21,66,66,81,65.7,66,SW,0
2023-05-20 10:16:59,66,66,82,65.7,66,SW,0
2023-05-20 10:20:09,66,66,82,65.8,66,SW,0
2023-05-20 10:21:48,66,66,82,65.8,66,SW,1
2023-05-20 10:21:52,66,66,82,65.8,66,SW,0
2023-05-20 10:24:47,66,66,81,66.2,66,W,0
2023-05-20 10:27:23,66,66,81,66.4,66,W,0
2023-05-20 10:30:39,67,67,81,66.6,67,SW,0
2023-05-20 10:31:41,67,67,80,66.6,67,NW,1
2023-05-20 10:32:12,67,67,80,66.6,67,SW,0
2023-05-20 10:35:52,67,67,80,66.7,67,SW,0
2023-05-20 10:36:52,67,67,80,66.6,67,S,1
2023-05-20 10:37:23,67,67,79,66.6,67,SE,1
2023-05-20 10:38:27,67,67,79,66.6,67,W,2
2023-05-20 10:38:58,67,67,79,66.6,67,W,0
2023-05-20 10:41:36,67,67,79,66.6,67,SW,1
2023-05-20 10:42:07,67,67,79,66.7,67,SW,0
2023-05-20 10:44:46,67,67,80,66.7,67,SE,0
2023-05-20 10:45:52,67,67,80,66.9,67,E,1
2023-05-20 10:46:01,67,67,80,66.9,67,E,0
2023-05-20 10:49:29,67,67,80,67.1,67,E,0
2023-05-20 10:51:02,67,67,79,66.9,67,SW,1
2023-05-20 10:51:32,67,67,79,66.9,67,SW,0
2023-05-20 10:52:34,67,67,79,66.9,67,SW,1
2023-05-20 10:53:05,67,67,79,66.7,67,N,3
2023-05-20 10:53:46,67,67,79,66.7,67,E,1
2023-05-20 10:54:16,67,67,79,66.9,67,E,0
2023-05-20 10:57:22,67,67,79,66.9,67,W,0
2023-05-20 11:02:07,67,67,78,67.3,67,SE,0
2023-05-20 11:03:43,67,67,78,67.5,67,SW,1
2023-05-20 11:04:11,68,68,78,67.6,68,N,2
2023-05-20 11:04:49,68,68,78,67.6,68,E,0
2023-05-20 11:06:44,68,68,78,68.2,68,SE,0
2023-05-20 11:07:57,68,68,78,68.4,68,E,1
2023-05-20 11:08:20,69,69,78,68.5,69,E,0
2023-05-20 11:09:23,69,69,78,68.7,69,E,1
2023-05-20 11:09:53,69,69,78,68.7,69,E,0
2023-05-20 11:10:28,69,69,77,68.7,69,E,0
2023-05-20 11:11:27,69,69,78,68.9,69,W,1
2023-05-20 11:12:05,69,69,77,68.9,69,SW,0
2023-05-20 11:13:03,69,69,77,68.5,69,SW,2
2023-05-20 11:13:16,69,69,77,68.5,69,SE,0
2023-05-20 11:14:02,69,69,77,68.5,69,W,1
2023-05-20 11:15:10,69,69,77,68.5,69,SW,0
2023-05-20 11:15:48,69,69,76,68.7,69,S,1
2023-05-20 11:17:22,68,68,74,68.4,68,SE,2
2023-05-20 11:17:47,69,69,74,68.5,69,S,0
2023-05-20 11:18:55,69,69,75,68.7,69,SW,0
2023-05-20 11:20:29,69,69,75,68.9,69,W,1
2023-05-20 11:22:03,69,69,75,68.5,69,SE,1
2023-05-20 11:22:35,69,69,75,68.5,69,SE,0
2023-05-20 11:23:35,69,69,75,68.7,69,SW,1
2023-05-20 11:24:07,69,69,75,68.7,69,SW,0
2023-05-20 11:27:06,68,68,75,68.4,68,SW,0
2023-05-20 11:28:24,69,69,75,68.7,69,SW,2
2023-05-20 11:29:23,69,69,74,68.9,69,SW,1
2023-05-20 11:30:34,69,69,74,68.9,69,E,0
2023-05-20 11:30:40,69,69,75,68.9,69,SE,0
2023-05-20 11:34:03,69,69,75,69.1,69,E,0
2023-05-20 11:37:19,69,69,74,68.9,69,SW,2
2023-05-20 11:37:50,69,69,74,68.9,69,NE,1
2023-05-20 11:38:16,69,69,74,68.7,69,SW,0
2023-05-20 11:39:26,69,69,74,68.7,69,S,2
2023-05-20 11:39:50,69,69,74,68.9,69,SW,0
2023-05-20 11:41:10,69,69,74,68.9,69,S,2
2023-05-20 11:41:17,69,69,74,69.1,69,S,1
2023-05-20 11:42:28,69,69,74,68.9,69,SW,0
2023-05-20 11:44:37,69,69,74,68.7,69,SW,0
2023-05-20 11:47:43,69,69,74,68.5,69,SW,1
2023-05-20 11:48:18,69,69,74,68.7,69,NE,1
2023-05-20 11:48:46,69,69,74,68.7,69,E,0
2023-05-20 11:51:55,69,69,74,68.9,69,E,1
2023-05-20 11:52:27,69,69,74,68.9,69,SE,0
2023-05-20 11:54:03,69,69,74,68.9,69,W,1
2023-05-20 11:54:42,69,69,74,68.9,69,SW,1
2023-05-20 11:54:46,69,69,74,68.9,69,SW,0
2023-05-20 11:55:45,69,69,75,69.1,69,W,0
2023-05-20 11:57:19,69,69,75,69.4,69,W,1
2023-05-20 11:57:25,69,69,75,69.4,69,N,0
2023-05-20 11:59:15,69,69,74,69.4,69,S,1
2023-05-20 11:59:48,69,69,74,69.4,69,SW,0
2023-05-20 12:00:55,70,70,74,69.6,70,S,2
2023-05-20 12:01:22,70,70,73,69.6,70,W,1
2023-05-20 12:02:02,70,70,73,69.8,70,W,0
2023-05-20 12:02:06,70,70,73,70.2,70,W,0
2023-05-20 12:02:57,70,70,73,70.0,70,SW,1
2023-05-20 12:04:01,70,70,73,69.8,70,S,1
2023-05-20 12:04:31,70,70,72,69.8,70,S,2
2023-05-20 12:05:04,70,70,71,69.8,70,SW,2
2023-05-20 12:05:35,70,70,71,70.0,70,SW,1
2023-05-20 12:06:05,70,70,71,70.2,70,W,0
2023-05-20 12:06:43,71,71,72,70.5,71,W,0
2023-05-20 12:08:20,71,71,72,70.7,71,SW,0
2023-05-20 12:08:26,71,71,72,70.7,71,S,1
2023-05-20 12:09:20,71,71,72,70.7,71,S,2
2023-05-20 12:09:45,71,71,71,70.7,71,SW,1
2023-05-20 12:11:07,71,71,71,70.9,71,SW,0
2023-05-20 12:12:22,71,71,72,71.2,71,SW,0
2023-05-20 12:12:54,72,72,71,71.6,72,W,0
2023-05-20 12:14:02,72,72,71,71.8,72,NW,1
2023-05-20 12:14:32,71,71,72,71.4,71,S,2
2023-05-20 12:15:05,71,71,71,71.2,71,SE,2
2023-05-20 12:15:34,71,71,71,71.2,71,SE,1
2023-05-20 12:16:36,71,71,69,71.2,71,SE,2
2023-05-20 12:17:12,71,71,69,71.4,71,NW,1
2023-05-20 12:18:11,72,72,69,71.6,72,S,3
2023-05-20 12:18:42,71,71,69,71.4,71,S,1
2023-05-20 12:18:57,71,71,68,71.4,71,SE,1
2023-05-20 12:19:52,72,72,68,71.6,72,NW,0
2023-05-20 12:20:21,72,72,68,71.8,72,SW,0
2023-05-20 12:21:20,72,72,69,72.3,72,SW,0
2023-05-20 12:22:31,72,72,69,72.1,72,N,1
2023-05-20 12:23:57,72,72,69,71.8,72,W,1
2023-05-20 12:24:36,72,72,70,71.8,72,W,1
2023-05-20 12:24:42,72,72,68,71.6,72,S,1
2023-05-20 12:25:34,72,72,68,71.8,72,S,0
2023-05-20 12:26:58,72,72,67,71.6,72,SW,1
2023-05-20 12:27:04,72,72,67,71.6,72,SW,0
2023-05-20 12:27:10,72,72,68,71.8,72,NE,0
2023-05-20 12:28:11,72,72,68,71.6,72,SE,1
2023-05-20 12:28:44,72,72,69,71.6,72,E,1
2023-05-20 12:29:13,72,72,69,71.8,72,E,0
2023-05-20 12:29:27,72,72,69,72.1,72,W,1
2023-05-20 12:30:21,72,72,70,72.1,72,NE,1
2023-05-20 12:31:50,72,72,69,72.1,72,SW,0
2023-05-20 12:33:27,72,72,69,71.8,72,W,1
2023-05-20 12:33:52,72,72,69,72.0,72,SW,0
2023-05-20 12:35:39,72,72,69,72.0,72,SW,1
2023-05-20 12:35:43,72,72,68,71.8,72,SW,1
2023-05-20 12:36:35,72,72,68,72.0,72,W,0
2023-05-20 12:37:04,72,72,69,72.0,72,N,1
2023-05-20 12:38:41,72,72,69,72.0,72,E,0
2023-05-20 12:39:19,72,72,70,72.0,72,W,2
2023-05-20 12:39:25,72,72,70,72.0,72,W,1
2023-05-20 12:40:11,72,72,69,71.8,72,SW,0
2023-05-20 12:41:47,72,72,68,72.0,72,S,1
2023-05-20 12:42:20,72,72,68,71.8,72,W,0
2023-05-20 12:42:55,72,72,67,71.6,72,SE,2
2023-05-20 12:43:29,72,72,67,71.8,72,E,0
2023-05-20 12:44:27,72,72,68,71.8,72,S,1
2023-05-20 12:44:57,72,72,68,71.8,72,S,0
2023-05-20 12:46:01,72,72,68,72.1,72,W,1
2023-05-20 12:46:34,72,72,69,72.3,72,W,1
2023-05-20 12:47:05,72,72,69,72.3,72,W,0
2023-05-20 12:47:36,72,72,69,72.3,72,NE,2
2023-05-20 12:48:10,72,72,69,72.1,72,E,3
2023-05-20 12:49:46,72,72,69,71.8,72,N,5
2023-05-20 12:50:12,72,72,69,71.6,72,NE,3
2023-05-20 12:50:44,71,71,69,71.4,71,NW,2
2023-05-20 12:51:20,71,71,69,71.4,71,S,0
2023-05-20 12:51:29,72,72,68,71.6,72,S,1
2023-05-20 12:52:19,72,72,67,71.6,72,SW,2
2023-05-20 12:52:55,71,71,67,71.4,71,S,3
2023-05-20 12:53:25,72,72,67,71.6,72,SW,0
2023-05-20 12:54:25,72,72,68,72.0,72,E,0
2023-05-20 12:54:55,72,72,68,71.8,72,S,1
2023-05-20 12:55:30,72,72,67,71.8,72,W,2
2023-05-20 12:56:01,72,72,67,71.8,72,W,0
2023-05-20 12:56:38,72,72,68,71.8,72,W,0
2023-05-20 12:56:46,72,72,68,71.8,72,NW,1
2023-05-20 12:57:31,72,72,68,72.0,72,SW,0
2023-05-20 12:58:04,72,72,68,71.8,72,S,1
2023-05-20 12:59:41,72,72,67,71.6,72,S,2
2023-05-20 13:00:13,72,72,67,71.6,72,SW,1
2023-05-20 13:00:43,72,72,68,71.6,72,W,1
2023-05-20 13:01:16,72,72,68,71.8,72,W,0
2023-05-20 13:02:19,72,72,68,71.8,72,NW,1
2023-05-20 13:02:53,72,72,69,71.6,72,N,3
2023-05-20 13:03:23,72,72,69,71.6,72,NE,1
2023-05-20 13:04:20,71,71,69,71.4,71,E,1
2023-05-20 13:04:55,71,71,69,71.4,71,E,0
2023-05-20 13:07:36,71,71,69,71.4,71,SW,1
2023-05-20 13:07:45,71,71,68,71.2,71,S,2
2023-05-20 13:09:13,71,71,68,71.1,71,SE,1
2023-05-20 13:09:39,71,71,68,71.1,71,E,0
2023-05-20 13:10:08,71,71,69,71.2,71,SE,0
2023-05-20 13:13:20,72,72,69,71.6,72,E,0
2023-05-20 13:15:55,71,71,69,71.4,71,W,1
2023-05-20 13:17:03,71,71,70,71.4,71,W,0
2023-05-20 13:17:39,71,71,70,71.2,71,SW,1
2023-05-20 13:18:32,71,71,69,71.2,71,SW,1
2023-05-20 13:19:06,71,71,69,71.4,71,SW,1
2023-05-20 13:19:38,72,72,69,71.8,72,W,0
2023-05-20 13:20:41,72,72,69,72.1,72,E,0
2023-05-20 13:22:13,72,72,69,72.3,72,S,1
2023-05-20 13:23:05,72,72,68,72.3,72,W,0
2023-05-20 13:23:59,73,73,68,72.5,73,SW,1
2023-05-20 13:24:03,73,73,68,72.5,73,SW,0
2023-05-20 13:24:55,73,73,69,72.9,73,SW,0
2023-05-20 13:28:01,73,73,69,72.9,73,SE,1
2023-05-20 13:28:36,73,73,68,72.5,73,SW,1
2023-05-20 13:28:46,73,73,69,72.5,73,NW,1
2023-05-20 13:29:35,73,73,68,72.5,73,E,1
2023-05-20 13:30:06,73,73,68,72.5,73,SE,0
2023-05-20 13:30:46,73,73,68,72.5,73,E,1
2023-05-20 13:30:51,73,73,68,72.5,73,SE,0
2023-05-20 13:32:06,73,73,69,72.7,73,E,0
2023-05-20 13:32:46,72,72,68,72.3,72,SE,0
2023-05-20 13:35:36,73,73,69,72.5,73,SW,0
2023-05-20 13:36:25,73,73,68,72.5,73,W,0
2023-05-20 13:37:27,73,73,69,72.9,73,SW,0
2023-05-20 13:40:43,73,73,69,73.0,73,SW,0
2023-05-20 13:43:12,73,73,68,72.9,73,W,0
2023-05-20 13:43:48,73,73,68,72.5,73,W,0
2023-05-20 13:45:56,73,73,68,72.7,73,NW,1
2023-05-20 13:46:28,73,73,68,72.5,73,N,1
2023-05-20 13:46:42,73,73,68,72.5,73,SW,0
2023-05-20 13:49:52,72,72,68,71.8,72,SW,1
2023-05-20 13:49:55,72,72,68,71.6,72,SW,0
2023-05-20 13:51:38,71,71,69,71.4,71,W,1
2023-05-20 13:52:08,71,71,69,71.2,71,W,1
2023-05-20 13:53:03,71,71,70,71.4,71,SW,0
2023-05-20 13:54:19,72,72,69,71.6,72,SW,0
2023-05-20 13:54:49,72,72,70,71.8,72,SW,0
2023-05-20 13:55:55,72,72,69,72.0,72,SW,0
2023-05-20 14:02:13,72,72,69,72.1,72,SW,0
2023-05-20 14:07:58,71,71,70,71.4,71,SW,0
2023-05-20 14:12:07,71,71,71,70.7,71,W,0
2023-05-20 14:12:20,71,71,71,70.7,71,SW,1
2023-05-20 14:13:09,71,71,71,70.7,71,W,0
2023-05-20 14:16:17,71,71,71,70.7,71,SW,0
2023-05-20 14:19:28,71,71,71,71.1,71,SW,0
2023-05-20 14:21:01,71,71,72,70.9,71,W,1
2023-05-20 14:21:37,71,71,72,70.7,71,SW,0
2023-05-20 14:24:43,71,71,72,71.2,71,SW,0
2023-05-20 14:27:59,71,71,72,70.9,71,W,1
2023-05-20 14:30:04,71,71,71,70.9,71,W,0
2023-05-20 14:31:38,71,71,72,71.4,71,S,0
2023-05-20 14:32:33,72,72,71,71.6,72,SE,0
2023-05-20 14:34:08,72,72,71,72.0,72,SE,0
2023-05-20 14:35:50,73,73,71,72.5,73,E,0
2023-05-20 14:37:16,73,73,70,73.0,73,SE,0
2023-05-20 14:40:28,73,73,70,73.2,73,W,0
2023-05-20 14:41:02,73,73,70,73.4,73,SW,1
2023-05-20 14:41:13,73,73,69,73.4,73,W,0
2023-05-20 14:42:34,73,73,70,73.0,73,W,0
2023-05-20 14:42:47,73,73,70,72.7,73,SW,1
2023-05-20 14:43:38,73,73,69,72.9,73,SW,0
2023-05-20 14:44:07,73,73,70,72.7,73,W,0
2023-05-20 14:44:45,73,73,70,72.5,73,SW,1
2023-05-20 14:45:11,73,73,70,72.7,73,S,2
2023-05-20 14:45:46,73,73,69,72.9,73,SW,2
2023-05-20 14:46:11,73,73,69,73.0,73,SW,0
2023-05-20 14:46:58,73,73,69,73.2,73,SW,0
2023-05-20 14:48:55,73,73,68,73.4,73,W,1
2023-05-20 14:49:06,74,74,68,73.6,74,SW,0
2023-05-20 14:51:27,74,74,68,73.8,74,W,0
2023-05-20 14:52:31,74,74,69,73.9,74,W,0
2023-05-20 14:53:37,74,74,68,74.1,74,SW,0
2023-05-20 14:54:35,73,73,68,73.4,73,W,1
2023-05-20 14:55:06,73,73,68,72.9,73,SW,1
2023-05-20 14:56:02,73,73,68,73.0,73,E,0
2023-05-20 14:56:40,73,73,69,73.0,73,SE,0
2023-05-20 14:57:18,73,73,69,72.9,73,W,1
2023-05-20 14:57:45,73,73,68,72.7,73,W,2
2023-05-20 14:58:29,73,73,68,72.5,73,W,1
2023-05-20 14:59:13,73,73,69,72.7,73,E,0
2023-05-20 15:00:22,73,73,68,72.5,73,SE,0
2023-05-20 15:01:03,73,73,69,72.7,73,E,0
2023-05-20 15:02:03,73,73,68,72.5,73,E,1
2023-05-20 15:02:33,73,73,69,72.5,73,SW,1
2023-05-20 15:03:02,72,72,69,72.3,72,W,1
2023-05-20 15:04:10,72,72,69,72.1,72,W,2
2023-05-20 15:04:49,72,72,69,72.0,72,SW,1
2023-05-20 15:04:54,72,72,69,72.1,72,W,0
2023-05-20 15:06:12,73,73,69,72.5,73,W,1
2023-05-20 15:06:56,73,73,68,72.5,73,SW,0
2023-05-20 15:08:08,73,73,69,72.7,73,W,2
2023-05-20 15:08:52,73,73,69,72.7,73,W,0
2023-05-20 15:10:22,73,73,69,72.5,73,W,1
2023-05-20 15:11:00,72,72,69,72.3,72,W,2
2023-05-20 15:11:31,72,72,69,72.3,72,SW,1
2023-05-20 15:12:27,73,73,69,72.9,73,SW,1
2023-05-20 15:13:08,73,73,69,73.0,73,SW,0
2023-05-20 15:13:16,73,73,70,73.2,73,SW,0
2023-05-20 15:14:03,74,74,69,73.6,74,SW,0
2023-05-20 15:16:09,73,73,69,73.4,73,SW,1
2023-05-20 15:17:04,74,74,69,73.8,74,W,0
2023-05-20 15:17:46,74,74,68,73.9,74,E,1
2023-05-20 15:18:20,74,74,68,73.9,74,S,0
2023-05-20 15:19:21,73,73,68,73.4,73,W,2
2023-05-20 15:20:18,74,74,68,73.9,74,E,0
2023-05-20 15:21:21,74,74,69,74.1,74,NE,1
2023-05-20 15:21:52,74,74,68,73.9,74,S,1
2023-05-20 15:22:59,74,74,68,74.1,74,W,0
2023-05-20 15:24:30,74,74,67,74.1,74,S,0
2023-05-20 15:25:02,74,74,67,73.9,74,SE,2
2023-05-20 15:26:04,74,74,67,74.1,74,SE,0
2023-05-20 15:27:54,74,74,67,73.8,74,SW,1
2023-05-20 15:28:02,74,74,67,73.8,74,W,0
2023-05-20 15:28:08,74,74,67,73.8,74,N,1
2023-05-20 15:29:04,74,74,67,73.9,74,E,0
2023-05-20 15:29:50,74,74,68,73.9,74,NE,0
2023-05-20 15:30:19,74,74,68,73.8,74,SE,1
2023-05-20 15:30:48,74,74,68,73.9,74,E,0
2023-05-20 15:31:20,74,74,68,73.9,74,SW,1
2023-05-20 15:33:27,74,74,67,74.3,74,W,1
2023-05-20 15:33:57,74,74,68,74.5,74,W,0
2023-05-20 15:35:00,74,74,68,74.5,74,NE,1
2023-05-20 15:35:40,74,74,68,74.5,74,E,0
2023-05-20 15:36:05,75,75,68,74.7,75,E,0
2023-05-20 15:37:07,74,74,68,74.1,74,W,1
2023-05-20 15:39:20,74,74,67,73.8,74,W,1
2023-05-20 15:39:48,74,74,67,73.8,74,SW,0
2023-05-20 15:40:59,74,74,67,73.6,74,W,1
2023-05-20 15:41:03,74,74,67,73.6,74,SW,0
2023-05-20 15:41:59,74,74,68,73.8,74,SW,0
2023-05-20 15:42:58,74,74,67,73.8,74,SW,0
2023-05-20 15:43:24,74,74,67,73.8,74,W,1
2023-05-20 15:43:58,74,74,67,73.9,74,NW,0
2023-05-20 15:44:32,74,74,67,73.9,74,NE,1
2023-05-20 15:44:59,74,74,67,73.9,74,E,0
2023-05-20 15:45:32,74,74,67,73.6,74,W,1
2023-05-20 15:46:04,74,74,67,73.8,74,W,1
2023-05-20 15:46:34,74,74,67,73.9,74,E,0
2023-05-20 15:47:36,74,74,67,74.1,74,E,0
2023-05-20 15:48:39,74,74,67,73.8,74,E,1
2023-05-20 15:49:15,74,74,67,73.8,74,E,0
2023-05-20 15:50:46,74,74,67,73.9,74,E,1
2023-05-20 15:51:19,74,74,67,73.9,74,SE,1
2023-05-20 15:52:55,74,74,67,74.1,74,W,0
2023-05-20 15:54:25,74,74,67,73.9,74,W,1
2023-05-20 15:54:59,74,74,67,73.8,74,SW,1
2023-05-20 15:55:33,74,74,67,73.8,74,SW,1
2023-05-20 15:56:10,74,74,67,73.8,74,SW,0
2023-05-20 15:57:34,74,74,68,74.3,74,W,0
2023-05-20 15:59:06,74,74,68,74.5,74,W,1
2023-05-20 15:59:48,74,74,68,74.5,74,SW,0
2023-05-20 16:00:43,75,75,67,74.7,75,SW,1
2023-05-20 16:01:20,75,75,67,74.8,75,W,0
2023-05-20 16:02:57,75,75,67,74.7,75,SW,1
2023-05-20 16:03:05,75,75,67,74.7,75,SW,0
2023-05-20 16:03:55,74,74,67,74.3,74,W,1
2023-05-20 16:04:26,74,74,67,74.3,74,W,1
2023-05-20 16:05:03,74,74,67,74.3,74,E,0
2023-05-20 16:08:02,75,75,68,74.7,75,NE,0
2023-05-20 16:08:44,74,74,68,74.5,74,NE,1
2023-05-20 16:09:07,74,74,68,74.5,74,E,0
2023-05-20 16:10:10,75,75,67,74.7,75,E,0
2023-05-20 16:12:51,75,75,67,75.2,75,E,0
2023-05-20 16:14:08,75,75,66,75.2,75,E,0
2023-05-20 16:14:54,75,75,67,74.8,75,SE,0
2023-05-20 16:15:28,75,75,67,74.8,75,SE,1
2023-05-20 16:15:58,75,75,67,74.8,75,SE,0
2023-05-20 16:16:39,75,75,67,74.7,75,SE,0
2023-05-20 16:16:46,74,74,67,74.5,74,W,1
2023-05-20 16:17:37,74,74,66,74.3,74,W,2
2023-05-20 16:18:09,74,74,67,74.3,74,W,1
2023-05-20 16:18:34,74,74,67,74.3,74,W,0
2023-05-20 16:20:01,74,74,67,73.9,74,W,1
2023-05-20 16:22:53,74,74,67,73.8,74,W,0
2023-05-20 16:24:58,74,74,68,74.1,74,W,0
2023-05-20 16:29:45,74,74,68,74.1,74,SW,0
2023-05-20 16:32:48,74,74,68,73.9,74,SW,0
2023-05-20 16:34:58,74,74,68,73.8,74,W,1
2023-05-20 16:35:28,74,74,68,73.8,74,W,0
2023-05-20 16:35:55,74,74,68,73.6,74,NE,1
2023-05-20 16:37:30,74,74,68,73.8,74,W,0
2023-05-20 16:40:12,74,74,69,74.3,74,SW,0
2023-05-20 16:40:44,74,74,69,74.5,74,SW,0
2023-05-20 16:41:12,74,74,68,74.5,74,SW,0
2023-05-20 16:42:44,74,74,69,74.3,74,SW,0
2023-05-20 16:43:16,74,74,68,74.1,74,E,0
2023-05-20 16:43:56,74,74,68,74.1,74,E,1
2023-05-20 16:44:25,74,74,68,74.1,74,E,0
2023-05-20 16:45:27,74,74,68,73.9,74,E,1
2023-05-20 16:45:55,74,74,68,73.8,74,W,1
2023-05-20 16:46:27,73,73,68,73.4,73,SW,2
2023-05-20 16:47:08,74,74,68,73.6,74,SW,0
2023-05-20 16:48:31,73,73,69,73.2,73,W,0
2023-05-20 16:49:35,73,73,68,73.4,73,SW,0
2023-05-20 16:50:12,73,73,69,73.4,73,NW,0
2023-05-20 16:55:59,74,74,69,73.6,74,SW,0
2023-05-20 17:00:37,73,73,69,73.0,73,W,1
2023-05-20 17:01:07,73,73,70,73.0,73,SW,0
2023-05-20 17:04:17,73,73,70,73.0,73,W,0
2023-05-20 17:07:25,73,73,70,73.0,73,W,1
2023-05-20 17:08:01,73,73,70,73.0,73,W,0
2023-05-20 17:11:02,73,73,70,73.0,73,E,0
2023-05-20 17:17:27,73,73,70,72.9,73,E,0
2023-05-20 17:20:32,73,73,71,72.7,73,E,0
2023-05-20 17:23:42,72,72,71,72.3,72,E,0
2023-05-20 17:25:19,72,72,71,72.3,72,E,1
2023-05-20 17:27:02,72,72,71,72.3,72,E,0
2023-05-20 17:29:42,73,73,71,72.5,73,SE,0
2023-05-20 17:32:45,73,73,71,72.9,73,SW,1
2023-05-20 17:33:09,73,73,71,72.9,73,SW,0
2023-05-20 17:33:41,73,73,71,73.0,73,NW,1
2023-05-20 17:34:52,73,73,71,73.0,73,S,2
2023-05-20 17:35:19,73,73,71,73.0,73,S,0
2023-05-20 17:38:08,73,73,71,73.2,73,SW,0
2023-05-20 17:39:29,73,73,71,72.9,73,W,2
2023-05-20 17:40:06,73,73,71,72.9,73,SW,0
2023-05-20 17:40:37,73,73,71,72.7,73,W,1
2023-05-20 17:41:32,73,73,71,72.7,73,SW,0
2023-05-20 17:44:46,73,73,71,72.9,73,SW,0
2023-05-20 17:47:52,73,73,71,72.7,73,SW,0
2023-05-20 17:51:00,73,73,71,72.5,73,SW,0
2023-05-20 17:54:12,73,73,71,72.5,73,W,0
2023-05-20 17:55:19,73,73,72,72.5,73,W,0
2023-05-20 17:56:47,73,73,72,72.7,73,E,1
2023-05-20 17:57:26,73,73,72,72.7,73,E,0
2023-05-20 17:59:54,73,73,72,72.7,73,N,1
2023-05-20 18:00:27,73,73,72,72.7,73,E,1
2023-05-20 18:01:02,73,73,72,72.9,73,SW,0
2023-05-20 18:01:35,73,73,72,72.9,73,E,1
2023-05-20 18:02:38,73,73,71,72.9,73,SE,0
2023-05-20 18:03:35,73,73,71,72.9,73,SE,1
2023-05-20 18:05:02,73,73,71,72.7,73,SW,0
2023-05-20 18:07:52,73,73,72,72.7,73,SW,0
2023-05-20 18:13:06,73,73,71,72.5,73,NE,1
2023-05-20 18:15:11,73,73,71,72.5,73,E,1
2023-05-20 18:16:13,72,72,71,72.3,72,W,0
2023-05-20 18:20:29,72,72,72,72.1,72,SE,0
2023-05-20 18:23:38,72,72,72,72.1,72,SW,0
2023-05-20 18:24:45,72,72,72,72.3,72,E,1
2023-05-20 18:24:48,72,72,72,72.3,72,E,0
2023-05-20 18:28:27,73,73,72,72.5,73,SW,0
2023-05-20 18:31:34,73,73,72,72.5,73,N,1
2023-05-20 18:32:01,73,73,72,72.7,73,SW,2
2023-05-20 18:32:32,73,73,72,72.7,73,SW,0
2023-05-20 18:33:32,73,73,72,72.7,73,E,1
2023-05-20 18:34:17,73,73,72,72.7,73,E,0
2023-05-20 18:37:14,73,73,72,72.7,73,E,0
2023-05-20 18:40:21,73,73,72,72.7,73,E,0
2023-05-20 18:44:37,73,73,72,72.5,73,SW,1
2023-05-20 18:45:09,72,72,72,72.3,72,SW,0
2023-05-20 18:46:08,72,72,72,72.3,72,E,1
2023-05-20 18:46:42,72,72,72,72.3,72,SE,0
2023-05-20 18:49:58,72,72,73,72.3,72,W,0
2023-05-20 18:59:11,72,72,73,71.8,72,SW,0
2023-05-20 19:06:42,72,72,73,72.0,72,E,1
2023-05-20 19:07:13,72,72,73,72.0,72,E,0
2023-05-20 19:10:21,72,72,73,72.0,72,E,0
2023-05-20 19:13:28,72,72,73,72.0,72,E,0
2023-05-20 19:16:12,72,72,74,72.0,72,E,0
2023-05-20 19:16:16,72,72,73,72.0,72,E,0
2023-05-20 19:18:40,72,72,74,72.0,72,E,0
2023-05-20 19:20:47,72,72,74,72.0,72,E,0
2023-05-20 19:23:53,72,72,74,71.8,72,E,0
2023-05-20 19:27:03,72,72,74,72.0,72,E,0
2023-05-20 19:30:18,72,72,74,72.0,72,E,0
2023-05-20 19:33:31,72,72,74,71.8,72,E,0
2023-05-20 19:36:40,72,72,74,71.8,72,E,0
2023-05-20 19:39:49,72,72,74,71.8,72,E,0
2023-05-20 19:42:50,72,72,74,71.6,72,E,0
2023-05-20 19:46:01,72,72,74,71.8,72,SE,0
2023-05-20 19:48:03,72,72,75,71.8,72,E,0
2023-05-20 19:51:13,72,72,75,71.6,72,E,0
2023-05-20 19:54:32,72,72,75,71.6,72,E,0
2023-05-20 19:57:32,72,72,75,71.6,72,E,0
2023-05-20 20:00:46,72,72,75,71.6,72,E,0
2023-05-20 20:03:49,71,71,75,71.4,71,E,0
2023-05-20 20:04:54,71,71,76,71.4,71,E,0
2023-05-20 20:07:38,71,71,76,71.2,71,E,0
2023-05-20 20:10:48,71,71,76,71.4,71,E,0
2023-05-20 20:13:52,71,71,76,71.4,71,SE,0
2023-05-20 20:17:01,71,71,76,71.2,71,SE,0
2023-05-20 20:20:03,71,71,76,71.2,71,SW,0
2023-05-20 20:23:01,71,71,76,71.2,71,SW,0
2023-05-20 20:27:02,71,71,76,71.2,71,SW,0
2023-05-20 20:29:36,71,71,76,71.2,71,SW,0
2023-05-20 20:32:42,71,71,76,71.2,71,SW,0
2023-05-20 20:35:50,71,71,76,71.1,71,W,0
2023-05-20 20:38:59,71,71,76,71.1,71,W,0
2023-05-20 20:42:17,71,71,76,71.1,71,W,0
2023-05-20 20:45:18,71,71,76,70.9,71,W,0
2023-05-20 20:48:27,71,71,76,70.9,71,SW,0
2023-05-20 20:50:04,71,71,77,70.9,71,SW,0
2023-05-20 20:59:26,71,71,77,70.5,71,SW,0
2023-05-20 21:02:35,70,70,77,70.3,70,SW,0
2023-05-20 21:05:44,70,70,77,70.3,70,SW,0
2023-05-20 21:06:18,70,70,78,70.2,70,SW,0
2023-05-20 21:09:33,70,70,78,70.2,70,SW,0
2023-05-20 21:12:34,70,70,78,70.0,70,SW,0
2023-05-20 21:15:50,70,70,78,70.0,70,SW,0
2023-05-20 21:18:53,70,70,78,70.0,70,SW,0
2023-05-20 21:20:04,70,70,79,69.8,70,SW,0
2023-05-20 21:22:32,70,70,80,69.6,70,W,0
2023-05-20 21:26:55,69,69,80,69.4,69,E,0
2023-05-20 21:29:29,69,69,80,69.4,69,NE,1
2023-05-20 21:33:36,69,69,79,68.9,69,E,1
2023-05-20 21:34:06,69,69,80,68.9,69,E,1
2023-05-20 21:34:37,69,69,80,68.9,69,E,0
2023-05-20 21:36:12,69,69,81,68.7,69,E,0
2023-05-20 21:37:15,69,69,81,68.7,69,NE,1
2023-05-20 21:40:25,69,69,81,68.5,69,E,0
2023-05-20 21:41:08,69,69,82,68.5,69,E,0
2023-05-20 21:41:59,69,69,82,68.5,69,E,1
2023-05-20 21:43:35,68,68,82,68.4,68,E,1
2023-05-20 21:44:36,68,68,83,68.4,68,E,0
2023-05-20 21:47:44,68,68,83,68.2,68,E,0
2023-05-20 21:49:26,68,68,84,68.2,68,E,0
2023-05-20 21:50:54,68,68,84,68.0,68,E,1
2023-05-20 21:52:00,68,68,84,68.2,68,E,0
2023-05-20 21:55:06,68,68,84,68.0,68,E,0
2023-05-20 21:56:00,68,68,84,68.0,68,E,1
2023-05-20 21:56:41,68,68,85,68.2,68,E,0
2023-05-20 21:59:50,68,68,85,68.2,68,E,0
2023-05-20 22:00:21,68,68,85,68.2,68,NE,1
2023-05-20 22:02:28,68,68,85,68.2,68,NE,1
2023-05-20 22:03:01,68,68,84,68.0,68,NE,1
2023-05-20 22:03:31,68,68,84,68.0,68,E,0
2023-05-20 22:04:36,68,68,85,68.0,68,E,0
2023-05-20 22:06:08,68,68,85,68.0,68,NE,1
2023-05-20 22:07:10,68,68,85,68.2,68,E,0
2023-05-20 22:08:44,68,68,85,68.2,68,NE,1
2023-05-20 22:09:57,68,68,85,68.2,68,E,0
2023-05-20 22:11:23,68,68,86,68.0,68,E,0
2023-05-20 22:14:31,68,68,86,68.0,68,E,0
2023-05-20 22:16:05,68,68,87,67.8,68,E,0
2023-05-20 22:17:42,68,68,87,67.8,68,E,1
2023-05-20 22:18:48,68,68,87,67.8,68,E,0
2023-05-20 22:19:15,68,68,87,67.8,68,E,1
2023-05-20 22:19:51,68,68,87,67.8,68,E,0
2023-05-20 22:20:53,68,68,88,67.8,68,E,0
2023-05-20 22:23:59,68,68,88,67.6,68,E,0
2023-05-20 22:24:31,68,68,89,67.6,68,E,0
2023-05-20 22:27:08,68,68,90,67.6,68,E,0
2023-05-20 22:27:38,68,68,89,67.6,68,E,0
2023-05-20 22:28:12,68,68,90,67.6,68,E,0
2023-05-20 22:31:25,68,68,90,67.6,68,E,0
2023-05-20 22:32:56,68,68,91,67.6,68,E,0
2023-05-20 22:36:06,68,68,91,67.6,68,E,0
2023-05-20 22:37:06,68,68,92,67.6,68,E,0
2023-05-20 22:39:47,67,67,92,67.5,67,SE,1
2023-05-20 22:42:53,67,67,93,67.5,67,S,0
2023-05-20 22:46:00,67,67,93,67.5,67,E,0
2023-05-20 22:47:38,67,67,93,67.3,67,E,0
2023-05-20 22:50:00,67,67,94,67.3,67,SE,0
2023-05-20 22:51:16,67,67,94,67.3,67,NW,1
2023-05-20 22:54:31,67,67,94,67.3,67,SW,0
2023-05-20 22:56:31,67,67,95,67.3,67,S,0
2023-05-20 22:59:41,67,67,95,67.1,67,NE,1
2023-05-20 23:00:13,67,67,95,67.1,67,E,2
2023-05-20 23:00:45,67,67,95,67.1,67,NE,1
2023-05-20 23:02:49,67,67,95,67.1,67,E,2
2023-05-20 23:03:54,67,67,95,67.1,67,E,3
2023-05-20 23:05:00,67,67,95,67.1,67,N,3
2023-05-20 23:06:02,67,67,95,66.9,67,NE,2
2023-05-20 23:06:32,67,67,95,66.9,67,N,3
2023-05-20 23:07:02,67,67,95,66.9,67,NE,2
2023-05-20 23:07:38,67,67,95,66.9,67,E,1
2023-05-20 23:10:51,67,67,95,66.9,67,N,3
2023-05-20 23:11:17,67,67,95,66.9,67,N,4
2023-05-20 23:11:47,67,67,95,66.9,67,NE,3
2023-05-20 23:12:18,67,67,95,66.9,67,NE,2
2023-05-20 23:12:48,67,67,95,66.9,67,NE,1
2023-05-20 23:13:23,67,67,95,66.9,67,N,1
2023-05-20 23:13:56,67,67,95,66.9,67,NE,3
2023-05-20 23:14:26,67,67,95,66.7,67,NE,2
2023-05-20 23:14:55,67,67,95,66.7,67,E,1
2023-05-20 23:15:31,67,67,95,66.7,67,N,3
2023-05-20 23:15:59,67,67,95,66.7,67,W,5
2023-05-20 23:16:35,67,67,95,66.7,67,N,2
2023-05-20 23:18:05,67,67,95,66.6,67,NE,4
2023-05-20 23:18:35,67,67,95,66.6,67,N,4
2023-05-20 23:19:06,67,67,95,66.6,67,NE,3
2023-05-20 23:20:03,67,67,95,66.6,67,N,6
2023-05-20 23:20:42,67,67,95,66.6,67,E,4
2023-05-20 23:21:11,67,67,95,66.6,67,NE,3
2023-05-20 23:21:44,67,67,95,66.6,67,E,1
2023-05-20 23:22:49,67,67,95,66.6,67,SE,0
2023-05-20 23:23:19,67,67,95,66.6,67,W,1
2023-05-20 23:23:50,67,67,95,66.6,67,W,3
2023-05-20 23:26:02,67,67,95,66.6,67,SE,2
2023-05-20 23:26:06,67,67,95,66.6,67,SE,1
2023-05-20 23:26:11,67,67,96,66.6,67,E,0
2023-05-20 23:29:37,67,67,96,66.6,67,E,0
2023-05-20 23:30:09,67,67,96,66.6,67,SE,1
2023-05-20 23:31:47,66,66,96,66.2,66,W,4
2023-05-20 23:32:14,66,66,96,66.0,66,E,6
2023-05-20 23:32:51,65,65,99,65.5,65,N,5
2023-05-20 23:33:19,65,65,99,65.1,65,W,9
2023-05-20 23:33:48,65,65,99,64.8,65,N,4
2023-05-20 23:34:55,65,65,99,64.6,65,E,1
2023-05-20 23:35:24,64,64,96,64.4,64,N,5
2023-05-20 23:35:54,64,64,99,64.2,64,NE,5
2023-05-20 23:36:28,64,64,99,64.0,64,SW,6
2023-05-20 23:36:57,64,64,99,64.2,64,W,3
2023-05-20 23:37:32,64,64,99,64.2,64,E,2
2023-05-20 23:37:45,64,64,96,64.2,64,N,1
2023-05-20 23:38:33,64,64,99,64.0,64,N,4
2023-05-20 23:39:04,64,64,99,63.9,64,NE,5
2023-05-20 23:39:35,64,64,96,63.9,64,N,2
2023-05-20 23:40:06,64,64,96,63.7,64,SW,4
2023-05-20 23:40:40,64,64,99,63.7,64,N,3
2023-05-20 23:41:40,64,64,96,63.7,64,E,3
2023-05-20 23:42:14,64,64,99,63.7,64,E,1
2023-05-20 23:42:51,64,64,99,63.5,64,N,7
